elapsed, window, n, min, mean, median, 95th, 99th, 99_9th, max, errors
1.092345, 1.092345, 6, 1207, 17413.8, 16602, 42194, 42194, 42194, 42194, 0
