elapsed, window, n, min, mean, median, 95th, 99th, 99_9th, max, errors
1.092345, 1.092345, 12, 41984, 91192.5, 85340, 152896, 153295, 153295, 153295, 0
