elapsed, window, n, min, mean, median, 95th, 99th, 99_9th, max, errors
1.092345, 1.092345, 6, 1452, 20919.3, 17999, 42787, 42787, 42787, 42787, 0
