elapsed, window, n, min, mean, median, 95th, 99th, 99_9th, max, errors
1.092345, 1.092345, 5, 19926, 45680.8, 42995, 75381, 75381, 75381, 75381, 0
