elapsed, window, n, min, mean, median, 95th, 99th, 99_9th, max, errors
3.823299, 3.823299, 51, 39024, 143919.7, 139765, 250156, 286148, 288660, 288660, 0
