elapsed, window, n, min, mean, median, 95th, 99th, 99_9th, max, errors
3.823299, 3.823299, 38, 32337, 126719.3, 112094, 258120, 338392, 338392, 338392, 0
