elapsed, window, n, min, mean, median, 95th, 99th, 99_9th, max, errors
1.80309, 1.80309, 9, 1126, 5545.2, 1974, 15569, 15569, 15569, 15569, 0
