elapsed, window, n, min, mean, median, 95th, 99th, 99_9th, max, errors
1.80309, 1.80309, 13, 12752, 129510.5, 144881, 200755, 254982, 254982, 254982, 0
