elapsed, window, n, min, mean, median, 95th, 99th, 99_9th, max, errors
1.80309, 1.80309, 11, 31409, 113942.5, 107379, 162759, 201086, 201086, 201086, 0
