elapsed, window, n, min, mean, median, 95th, 99th, 99_9th, max, errors
10.0005, 10.0005, 122, 42041, 183270.8, 165976, 347332, 399458, 412422, 412422, 0
10.443735, 0.443235, 5, 37327, 182516.1, 165976, 347332, 399458, 412422, 412422, 0
