elapsed, window, n, min, mean, median, 95th, 99th, 99_9th, max, errors
10.0005, 10.0005, 116, 49436, 183699.4, 174765, 309357, 422398, 433964, 433964, 0
10.443735, 0.443235, 5, 49436, 179815.7, 171004, 309357, 422398, 433964, 433964, 0
