elapsed, window, total, successful, failed
10.0005, 10.0005, 238, 238, 0
10.443735, 0.443235, 10, 10, 0
