elapsed, window, n, min, mean, median, 95th, 99th, 99_9th, max, errors
2.696005, 2.696005, 1497, 1024, 1808.2, 1632, 2619, 3025, 4504, 4506, 5
