elapsed, window, n, min, mean, median, 95th, 99th, 99_9th, max, errors
2.696005, 2.696005, 1452, 919, 1599.0, 1416, 2413, 2809, 4604, 4668, 0
