elapsed, window, n, min, mean, median, 95th, 99th, 99_9th, max, errors
10.000388, 10.000388, 79, 28406, 121103.8, 121228, 211131, 276703, 289664, 289664, 0
20.001388, 10.001, 81, 33095, 107827.8, 105630, 184800, 233258, 249293, 249293, 0
30.001475, 10.000087, 77, 23282, 109694.0, 100955, 201353, 255262, 263457, 263457, 0
40.001948, 10.000473, 66, 32141, 133116.6, 129512, 233745, 242255, 303170, 303170, 0
50.001703, 9.999755, 63, 39560, 132329.2, 126696, 215078, 275070, 301759, 301759, 0
60.001367, 9.999664, 77, 25436, 120504.4, 118155, 195675, 244182, 248501, 248501, 0
61.007436, 1.006069, 6, 31723, 124188.2, 120533, 195675, 244182, 248501, 248501, 0
