elapsed, window, n, min, mean, median, 95th, 99th, 99_9th, max, errors
10.000388, 10.000388, 85, 24102, 108276.9, 96439, 219283, 258545, 277150, 277150, 0
20.001388, 10.001, 95, 24404, 106915.5, 107547, 185132, 211098, 218593, 218593, 0
30.001475, 10.000087, 76, 26826, 118061.0, 115553, 211514, 296169, 299454, 299454, 0
40.001948, 10.000473, 80, 40478, 132567.1, 129943, 219552, 296169, 310095, 310095, 0
50.001703, 9.999755, 68, 21716, 123602.2, 116393, 211561, 297299, 325612, 325612, 0
60.001367, 9.999664, 72, 33691, 124127.1, 115324, 220324, 255051, 286982, 286982, 0
61.007436, 1.006069, 2, 33691, 124754.1, 115324, 220324, 255051, 286982, 286982, 0
