elapsed, window, total, successful, failed
10.000388, 10.000388, 164, 164, 0
20.001388, 10.001, 176, 176, 0
30.001475, 10.000087, 153, 153, 0
40.001948, 10.000473, 146, 146, 0
50.001703, 9.999755, 131, 131, 0
60.001367, 9.999664, 149, 149, 0
61.007436, 1.006069, 8, 8, 0
