elapsed, window, n, min, mean, median, 95th, 99th, 99_9th, max, errors
5.925941, 5.925941, 2890, 993, 2169.2, 1690, 2860, 10936, 27683, 88686, 0
