elapsed, window, n, min, mean, median, 95th, 99th, 99_9th, max, errors
5.925941, 5.925941, 2920, 865, 1766.6, 1508, 2601, 4743, 12908, 47766, 0
