elapsed, window, n, min, mean, median, 95th, 99th, 99_9th, max, errors
0.932204, 0.932204, 8, 74130, 228782.4, 231442, 343866, 343866, 343866, 343866, 6
