elapsed, window, n, min, mean, median, 95th, 99th, 99_9th, max, errors
0.239068, 0.239068, 12, 1714, 12061.4, 2123, 48490, 50550, 50550, 50550, 0
