elapsed, window, n, min, mean, median, 95th, 99th, 99_9th, max, errors
10.000722, 10.000722, 5154, 1012, 1997.1, 1769, 2909, 4313, 10051, 33191, 0
20.0017, 10.000978, 4988, 1021, 2077.2, 1885, 3033, 3799, 7743, 19904, 0
30.001687, 9.999987, 4940, 1129, 2083.0, 1885, 2991, 3799, 8583, 17189, 0
33.572753, 3.571066, 1725, 1079, 2055.6, 1851, 2957, 3913, 9151, 17189, 0
