elapsed, window, n, min, mean, median, 95th, 99th, 99_9th, max, errors
10.000722, 10.000722, 5210, 857, 1805.1, 1559, 2715, 4084, 11226, 16536, 0
20.0017, 10.000978, 4998, 934, 1858.6, 1635, 2814, 3587, 10542, 14673, 0
30.001687, 9.999987, 4965, 929, 1867.2, 1654, 2786, 3412, 10812, 23261, 0
33.572753, 3.571066, 1799, 929, 1845.0, 1626, 2758, 3655, 10812, 23261, 0
