elapsed, window, total, successful, failed
10.000722, 10.000722, 10364, 10364, 0
20.0017, 10.000978, 9986, 9986, 0
30.001687, 9.999987, 9905, 9905, 0
33.572753, 3.571066, 3524, 3524, 0
