elapsed, window, n, min, mean, median, 95th, 99th, 99_9th, max, errors
1.039608, 1.039608, 21, 1132, 2497.7, 1655, 5687, 5922, 5922, 5922, 0
