elapsed, window, n, min, mean, median, 95th, 99th, 99_9th, max, errors
1.039608, 1.039608, 26, 17825, 27682.7, 20684, 79662, 80058, 80058, 80058, 0
