elapsed, window, n, min, mean, median, 95th, 99th, 99_9th, max, errors
1.039608, 1.039608, 13, 1193, 4895.0, 3256, 12880, 12987, 12987, 12987, 0
