elapsed, window, n, min, mean, median, 95th, 99th, 99_9th, max, errors
1.039608, 1.039608, 24, 7823, 23532.2, 20007, 33132, 62361, 62361, 62361, 0
