elapsed, window, n, min, mean, median, 95th, 99th, 99_9th, max, errors
0.213608, 0.213608, 11, 1602, 9623.4, 1968, 38610, 38610, 38610, 38610, 0
