elapsed, window, n, min, mean, median, 95th, 99th, 99_9th, max, errors
10.000267, 10.000267, 4161, 801, 1288.3, 1154, 1551, 6815, 14415, 28462, 0
