elapsed, window, n, min, mean, median, 95th, 99th, 99_9th, max, errors
10.000267, 10.000267, 4117, 707, 1059.6, 1034, 1330, 1677, 3138, 3952, 0
