elapsed, window, n, min, mean, median, 95th, 99th, 99_9th, max, errors
0.741695, 0.741695, 6, 1191, 4008.5, 3465, 6536, 6536, 6536, 6536, 0
