elapsed, window, n, min, mean, median, 95th, 99th, 99_9th, max, errors
0.741695, 0.741695, 13, 18043, 51736.2, 26765, 149430, 149967, 149967, 149967, 0
