elapsed, window, n, min, mean, median, 95th, 99th, 99_9th, max, errors
0.741695, 0.741695, 7, 18585, 28431.9, 24780, 62633, 62633, 62633, 62633, 0
