elapsed, window, n, min, mean, median, 95th, 99th, 99_9th, max, errors
0.227162, 0.227162, 15, 1767, 6891.1, 2569, 17324, 30866, 30866, 30866, 0
