Protocol	"Antidote 6 nodes/DC"	"Antidote 3 nodes/DC"
"99(1)"		192208.331575518	111196.86105297
"90(10)"	183736.635400256	102544.564090353
"75(25)"	145205.714727145	77629.6695740391
"50(50)"	108503.687770686	52562.9150744931
"1(99)"		51971.5594537841	30326.5814541134
