Protocol	Antidote	"Gentle Rain"	"Eiger"	"Eventual Consistency"
"99(1)"	  192208.331575518 185404.381673744	240346.615069245	264568.331295006
"90(10)"	  183736.635400256 169096.298029581	157594.752611151	257179.232147404
"75(25)"	  145205.714727145 138677.309957244	101844.806043179	218080.42195847
"50(50)"	  108503.687770686 127104.096985734	64068.1166556228	147696.525541599
"1(99)"	  51971.5594537841 29053.0032102476	37046.7444954086	88704.6407383982
