elapsed, window, n, min, mean, median, 95th, 99th, 99_9th, max, errors
4.074618, 4.074618, 2276, 1016, 1870.3, 1680, 2656, 3105, 6199, 8798, 0
