elapsed, window, n, min, mean, median, 95th, 99th, 99_9th, max, errors
4.074618, 4.074618, 2152, 902, 1632.3, 1437, 2449, 2841, 5769, 12029, 0
