elapsed, window, n, min, mean, median, 95th, 99th, 99_9th, max, errors
1.907921, 1.907921, 13, 52178, 158885.8, 139093, 249954, 290293, 290293, 290293, 0
