elapsed, window, n, min, mean, median, 95th, 99th, 99_9th, max, errors
1.907921, 1.907921, 8, 77395, 135692.6, 83567, 280379, 280379, 280379, 280379, 0
