elapsed, window, n, min, mean, median, 95th, 99th, 99_9th, max, errors
10.000141, 10.000141, 4299, 801, 1207.5, 1164, 1448, 2316, 6432, 33151, 0
20.001154, 10.001013, 4243, 797, 1183.9, 1165, 1476, 1751, 2201, 3601, 0
26.188973, 6.187819, 2616, 797, 1184.4, 1166, 1443, 1712, 2733, 4770, 0
