elapsed, window, n, min, mean, median, 95th, 99th, 99_9th, max, errors
10.000141, 10.000141, 4354, 720, 1063.7, 1034, 1294, 1578, 5407, 11281, 0
20.001154, 10.001013, 4387, 705, 1068.1, 1047, 1324, 1614, 2403, 7705, 0
26.188973, 6.187819, 2600, 705, 1066.4, 1049, 1307, 1512, 2176, 3205, 0
