elapsed, window, total, successful, failed
10.000141, 10.000141, 8653, 8653, 0
20.001154, 10.001013, 8630, 8630, 0
26.188973, 6.187819, 5216, 5216, 0
