elapsed, window, n, min, mean, median, 95th, 99th, 99_9th, max, errors
1.688138, 1.688138, 6, 1377, 4222.8, 3962, 6054, 6054, 6054, 6054, 0
