elapsed, window, n, min, mean, median, 95th, 99th, 99_9th, max, errors
1.688138, 1.688138, 11, 76741, 134044.4, 132863, 184345, 204546, 204546, 204546, 0
