elapsed, window, n, min, mean, median, 95th, 99th, 99_9th, max, errors
1.688138, 1.688138, 5, 2655, 5093.6, 3171, 10280, 10280, 10280, 10280, 0
