elapsed, window, n, min, mean, median, 95th, 99th, 99_9th, max, errors
1.688138, 1.688138, 9, 71998, 137952.6, 123001, 283443, 283443, 283443, 283443, 0
