elapsed, window, n, min, mean, median, 95th, 99th, 99_9th, max, errors
10.001, 10.001, 5008, 985, 2169.6, 1844, 3041, 8001, 16303, 87498, 0
20.002017, 10.001017, 4955, 1075, 2120.5, 1941, 3090, 4113, 11596, 35047, 0
30.001994, 9.999977, 5039, 1082, 2126.9, 1943, 3069, 3814, 9642, 21954, 0
40.002015, 10.000021, 4789, 1189, 2208.3, 2018, 3238, 4374, 9134, 21954, 0
50.002017, 10.000002, 4576, 1006, 2238.7, 2048, 3277, 4139, 8732, 14235, 0
60.002009, 9.999992, 4612, 1117, 2264.1, 2074, 3298, 4041, 9211, 25590, 0
61.007114, 1.005105, 451, 1117, 2250.8, 2067, 3283, 3955, 7069, 25590, 0
