elapsed, window, n, min, mean, median, 95th, 99th, 99_9th, max, errors
10.001, 10.001, 4878, 878, 1836.0, 1572, 2771, 4696, 9080, 23776, 0
20.002017, 10.001017, 4898, 896, 1873.1, 1656, 2797, 3914, 9755, 32728, 0
30.001994, 9.999977, 4857, 939, 1873.8, 1661, 2838, 3449, 7916, 16125, 0
40.002015, 10.000021, 4751, 1009, 1955.9, 1736, 2949, 4165, 6732, 13273, 0
50.002017, 10.000002, 4703, 830, 2011.3, 1770, 3007, 3840, 6655, 89102, 0
60.002009, 9.999992, 4721, 1057, 2008.8, 1785, 2999, 4088, 8210, 12119, 0
61.007114, 1.005105, 459, 1057, 1990.5, 1781, 2968, 3718, 7218, 9947, 0
