elapsed, window, total, successful, failed
10.001, 10.001, 9886, 9886, 0
20.002017, 10.001017, 9853, 9853, 0
30.001994, 9.999977, 9896, 9896, 0
40.002015, 10.000021, 9540, 9540, 0
50.002017, 10.000002, 9279, 9279, 0
60.002009, 9.999992, 9333, 9333, 0
61.007114, 1.005105, 910, 910, 0
