elapsed, window, n, min, mean, median, 95th, 99th, 99_9th, max, errors
10.002009, 10.002009, 998, 5680, 19994.0, 19108, 24557, 31551, 126233, 129429, 0
20.002514, 10.000505, 938, 6813, 21126.6, 20496, 25617, 35413, 119117, 128775, 0
30.001379, 9.998865, 872, 8810, 22763.8, 21618, 26740, 36549, 131853, 138186, 0
40.000976, 9.999597, 868, 9868, 23350.3, 22875, 28058, 31661, 122229, 138186, 0
50.001953, 10.000977, 662, 10017, 25089.7, 24142, 30233, 48381, 124304, 134351, 0
