elapsed, window, total, successful, failed
10.002009, 10.002009, 998, 998, 0
20.002514, 10.000505, 938, 938, 0
30.001379, 9.998865, 872, 872, 0
40.000976, 9.999597, 868, 868, 0
50.001953, 10.000977, 662, 662, 0
