elapsed, window, n, min, mean, median, 95th, 99th, 99_9th, max, errors
4.26656, 4.26656, 2088, 1004, 2154.4, 1676, 3533, 9776, 19339, 44735, 6
