elapsed, window, n, min, mean, median, 95th, 99th, 99_9th, max, errors
4.26656, 4.26656, 2078, 905, 1769.3, 1436, 2555, 5912, 44323, 48794, 0
