elapsed, window, n, min, mean, median, 95th, 99th, 99_9th, max, errors
10.000371, 10.000371, 5028, 997, 2101.1, 1902, 3043, 5024, 14654, 31112, 0
20.001459, 10.001088, 5127, 1050, 2018.4, 1843, 2959, 3726, 7104, 18862, 0
30.001361, 9.999902, 4951, 1014, 2045.6, 1843, 2981, 4080, 10047, 52558, 0
31.77629, 1.774929, 907, 1076, 2021.0, 1830, 2960, 3807, 8992, 52558, 0
