elapsed, window, n, min, mean, median, 95th, 99th, 99_9th, max, errors
10.000371, 10.000371, 5039, 807, 1834.2, 1602, 2747, 4195, 10483, 19562, 0
20.001459, 10.001088, 5206, 939, 1808.9, 1566, 2676, 3350, 10060, 27986, 0
30.001361, 9.999902, 5092, 924, 1799.0, 1561, 2685, 3561, 8732, 24277, 0
31.77629, 1.774929, 887, 924, 1783.9, 1555, 2674, 3268, 6952, 9469, 0
