elapsed, window, total, successful, failed
10.000371, 10.000371, 10067, 10067, 0
20.001459, 10.001088, 10333, 10333, 0
30.001361, 9.999902, 10043, 10043, 0
31.77629, 1.774929, 1794, 1794, 0
