elapsed, window, n, min, mean, median, 95th, 99th, 99_9th, max, errors
10.001115, 10.001115, 5214, 1038, 1991.8, 1739, 2832, 4103, 16729, 34095, 0
