elapsed, window, n, min, mean, median, 95th, 99th, 99_9th, max, errors
10.001115, 10.001115, 5214, 936, 1796.5, 1558, 2631, 3616, 11995, 27396, 0
