elapsed, window, n, min, mean, median, 95th, 99th, 99_9th, max, errors
0.869977, 0.869977, 20, 1053, 4423.9, 2263, 13689, 16607, 16607, 16607, 0
