elapsed, window, n, min, mean, median, 95th, 99th, 99_9th, max, errors
0.869977, 0.869977, 15, 17982, 36356.5, 26192, 83437, 83877, 83877, 83877, 0
