elapsed, window, n, min, mean, median, 95th, 99th, 99_9th, max, errors
0.869977, 0.869977, 6, 1873, 6045.3, 3640, 13595, 13595, 13595, 13595, 0
