elapsed, window, n, min, mean, median, 95th, 99th, 99_9th, max, errors
0.869977, 0.869977, 13, 18121, 23661.8, 20696, 30823, 34987, 34987, 34987, 0
