elapsed, window, n, min, mean, median, 95th, 99th, 99_9th, max, errors
10.0006, 10.0006, 131, 29507, 197202.4, 187874, 342961, 540616, 548044, 548044, 0
18.230187, 8.229587, 62, 34483, 190456.4, 171641, 346888, 468233, 650382, 650382, 0
