elapsed, window, n, min, mean, median, 95th, 99th, 99_9th, max, errors
10.0006, 10.0006, 120, 33726, 179097.3, 159852, 324580, 599274, 798491, 798491, 0
18.230187, 8.229587, 101, 33726, 212603.4, 201689, 392864, 495747, 579519, 579519, 0
