elapsed, window, total, successful, failed
10.0006, 10.0006, 251, 251, 0
18.230187, 8.229587, 163, 163, 0
