elapsed, window, n, min, mean, median, 95th, 99th, 99_9th, max, errors
0.244133, 0.244133, 14, 1402, 7715.2, 1981, 7116, 55474, 55474, 55474, 0
