elapsed, window, n, min, mean, median, 95th, 99th, 99_9th, max, errors
7.936341, 7.936341, 83, 39463, 193832.8, 183341, 356693, 435588, 457862, 457862, 0
