elapsed, window, n, min, mean, median, 95th, 99th, 99_9th, max, errors
7.936341, 7.936341, 90, 39414, 182257.2, 169022, 321979, 393407, 423865, 423865, 0
