elapsed, window, n, min, mean, median, 95th, 99th, 99_9th, max, errors
0.915128, 0.915128, 10, 994, 1600.3, 1434, 2443, 2443, 2443, 2443, 0
