elapsed, window, n, min, mean, median, 95th, 99th, 99_9th, max, errors
0.915128, 0.915128, 26, 16930, 22733.7, 18900, 50335, 59736, 59736, 59736, 0
