elapsed, window, n, min, mean, median, 95th, 99th, 99_9th, max, errors
0.915128, 0.915128, 17, 851, 1589.1, 1302, 2830, 4332, 4332, 4332, 0
