elapsed, window, n, min, mean, median, 95th, 99th, 99_9th, max, errors
0.915128, 0.915128, 18, 6504, 34476.0, 17928, 122869, 124827, 124827, 124827, 0
