elapsed, window, n, min, mean, median, 95th, 99th, 99_9th, max, errors
0.724846, 0.724846, 19, 2345, 14992.8, 3778, 66467, 71968, 71968, 71968, 0
