elapsed, window, n, min, mean, median, 95th, 99th, 99_9th, max, errors
0.71267, 0.71267, 11, 1244, 8402.7, 6095, 12342, 30807, 30807, 30807, 0
