elapsed, window, n, min, mean, median, 95th, 99th, 99_9th, max, errors
0.71267, 0.71267, 16, 18551, 31571.1, 25001, 77220, 77690, 77690, 77690, 0
