elapsed, window, n, min, mean, median, 95th, 99th, 99_9th, max, errors
0.71267, 0.71267, 6, 18054, 30249.2, 26574, 44231, 44231, 44231, 44231, 0
