elapsed, window, n, min, mean, median, 95th, 99th, 99_9th, max, errors
4.243242, 4.243242, 2303, 1023, 1849.7, 1653, 2662, 3268, 5306, 7347, 5
