elapsed, window, n, min, mean, median, 95th, 99th, 99_9th, max, errors
4.243242, 4.243242, 2365, 834, 1628.5, 1440, 2450, 2831, 3582, 5758, 0
