elapsed, window, n, min, mean, median, 95th, 99th, 99_9th, max, errors
10.000489, 10.000489, 4297, 798, 1244.3, 1221, 1571, 1864, 3184, 17861, 0
20.001412, 10.000923, 4083, 799, 1319.1, 1295, 1650, 2073, 4354, 5140, 0
