elapsed, window, n, min, mean, median, 95th, 99th, 99_9th, max, errors
10.000489, 10.000489, 4346, 726, 1030.4, 1006, 1290, 1525, 2383, 5158, 0
20.001412, 10.000923, 4020, 733, 1096.4, 1076, 1350, 1609, 2492, 3624, 0
