elapsed, window, total, successful, failed
10.000489, 10.000489, 8643, 8643, 0
20.001412, 10.000923, 8103, 8103, 0
