elapsed, window, n, min, mean, median, 95th, 99th, 99_9th, max, errors
0.258733, 0.258733, 13, 1748, 15072.5, 6979, 59609, 63205, 63205, 63205, 0
