elapsed, window, n, min, mean, median, 95th, 99th, 99_9th, max, errors
10.000761, 10.000761, 5201, 892, 2036.1, 1822, 2882, 4897, 29720, 53515, 0
20.00176, 10.000999, 5032, 816, 2058.6, 1985, 2976, 3953, 35864, 64128, 0
30.001849, 10.000089, 4871, 848, 2181.4, 2049, 3221, 6938, 44155, 46053, 0
40.001761, 9.999912, 5084, 971, 2006.5, 2021, 2985, 3676, 7036, 13191, 0
50.002183, 10.000422, 5147, 825, 1954.4, 1885, 2829, 3513, 14415, 61094, 0
60.000764, 9.998581, 4885, 1016, 2105.0, 1964, 3165, 4879, 27709, 49736, 0
61.007866, 1.007102, 493, 1016, 2076.0, 1951, 3142, 4461, 17309, 49736, 0
