elapsed, window, n, min, mean, median, 95th, 99th, 99_9th, max, errors
10.000761, 10.000761, 5123, 854, 1803.0, 1583, 2687, 3432, 15884, 42643, 0
20.00176, 10.000999, 4985, 775, 1876.8, 1734, 2841, 3611, 9220, 62209, 0
30.001849, 10.000089, 4709, 812, 1940.1, 1832, 2944, 4124, 13828, 42997, 0
40.001761, 9.999912, 5078, 890, 1877.4, 1816, 2886, 3594, 6237, 13141, 0
50.002183, 10.000422, 5267, 844, 1834.3, 1735, 2777, 3368, 7523, 53119, 0
60.000764, 9.998581, 4901, 926, 1932.9, 1828, 2996, 4362, 10440, 31195, 0
61.007866, 1.007102, 493, 926, 1927.9, 1835, 2935, 4043, 10977, 31195, 0
