elapsed, window, total, successful, failed
10.000761, 10.000761, 10324, 10324, 0
20.00176, 10.000999, 10017, 10017, 0
30.001849, 10.000089, 9580, 9580, 0
40.001761, 9.999912, 10162, 10162, 0
50.002183, 10.000422, 10414, 10414, 0
60.000764, 9.998581, 9786, 9786, 0
61.007866, 1.007102, 986, 986, 0
