elapsed, window, n, min, mean, median, 95th, 99th, 99_9th, max, errors
10.000623, 10.000623, 515, 5902, 20125.8, 19297, 25642, 42658, 49752, 53833, 0
20.001647, 10.001024, 472, 6904, 21600.3, 20708, 26558, 54613, 127801, 127801, 0
30.001622, 9.999975, 386, 8697, 24399.5, 21779, 31400, 87418, 130727, 130727, 0
