elapsed, window, n, min, mean, median, 95th, 99th, 99_9th, max, errors
10.000623, 10.000623, 464, 5807, 20673.5, 19360, 26608, 43938, 172817, 172817, 0
20.001647, 10.001024, 466, 7448, 21010.6, 20497, 25748, 31966, 51553, 51553, 0
30.001622, 9.999975, 398, 8557, 23941.0, 21998, 30716, 55836, 121271, 121271, 0
