elapsed, window, total, successful, failed
10.000623, 10.000623, 979, 979, 0
20.001647, 10.001024, 938, 938, 0
30.001622, 9.999975, 784, 784, 0
