elapsed, window, n, min, mean, median, 95th, 99th, 99_9th, max, errors
10.00036, 10.00036, 102, 57285, 190765.9, 184507, 319226, 388662, 391066, 391066, 1
18.852447, 8.852087, 71, 39511, 166327.0, 159352, 275152, 388662, 391066, 391066, 5
