elapsed, window, n, min, mean, median, 95th, 99th, 99_9th, max, errors
10.00036, 10.00036, 97, 35613, 190244.1, 171318, 338177, 434668, 440473, 440473, 0
18.852447, 8.852087, 71, 35613, 162834.4, 154017, 313236, 338587, 339400, 339400, 0
