elapsed, window, total, successful, failed
10.00036, 10.00036, 200, 199, 1
18.852447, 8.852087, 147, 142, 5
