elapsed, window, n, min, mean, median, 95th, 99th, 99_9th, max, errors
10.000806, 10.000806, 4661, 953, 2238.5, 2120, 3295, 6535, 20873, 75433, 0
20.001816, 10.00101, 4464, 1174, 2296.4, 2202, 3407, 4567, 15911, 78848, 0
30.001812, 9.999996, 4312, 1126, 2406.3, 2283, 3638, 4992, 18089, 86873, 0
40.001808, 9.999996, 4560, 1093, 2342.2, 2266, 3308, 4264, 59342, 86873, 0
50.001819, 10.000011, 4645, 992, 2183.3, 2218, 3017, 3935, 36728, 80811, 0
60.001812, 9.999993, 4913, 1056, 2093.6, 2085, 2862, 3522, 46222, 78082, 0
61.007935, 1.006123, 444, 1056, 2106.7, 2096, 2871, 3649, 46222, 78082, 0
