elapsed, window, n, min, mean, median, 95th, 99th, 99_9th, max, errors
10.000806, 10.000806, 4634, 935, 2020.2, 1960, 3109, 4103, 10706, 42627, 0
20.001816, 10.00101, 4433, 992, 2128.8, 2062, 3255, 4356, 6438, 76861, 0
30.001812, 9.999996, 4154, 1016, 2227.6, 2177, 3503, 4658, 7900, 11378, 0
40.001808, 9.999996, 4425, 1045, 2089.3, 2086, 3191, 4147, 7207, 15814, 0
50.001819, 10.000011, 4813, 965, 2006.0, 2028, 2879, 3707, 9222, 76627, 0
60.001812, 9.999993, 4921, 1014, 1922.8, 1842, 2768, 3275, 5898, 47620, 0
61.007935, 1.006123, 497, 1014, 1929.0, 1887, 2780, 3289, 5202, 47620, 0
