elapsed, window, total, successful, failed
10.000806, 10.000806, 9295, 9295, 0
20.001816, 10.00101, 8897, 8897, 0
30.001812, 9.999996, 8466, 8466, 0
40.001808, 9.999996, 8985, 8985, 0
50.001819, 10.000011, 9458, 9458, 0
60.001812, 9.999993, 9834, 9834, 0
61.007935, 1.006123, 941, 941, 0
