elapsed, window, n, min, mean, median, 95th, 99th, 99_9th, max, errors
1.010334, 1.010334, 25, 1023, 4201.7, 2001, 13310, 29447, 29447, 29447, 0
