elapsed, window, n, min, mean, median, 95th, 99th, 99_9th, max, errors
1.010334, 1.010334, 21, 17921, 28580.1, 20839, 80585, 81015, 81015, 81015, 0
