elapsed, window, n, min, mean, median, 95th, 99th, 99_9th, max, errors
1.010334, 1.010334, 16, 970, 4007.8, 1508, 8792, 22987, 22987, 22987, 0
