elapsed, window, n, min, mean, median, 95th, 99th, 99_9th, max, errors
1.010334, 1.010334, 20, 17476, 24435.0, 20224, 37762, 71334, 71334, 71334, 0
