elapsed, window, n, min, mean, median, 95th, 99th, 99_9th, max, errors
1.216081, 1.216081, 23, 1099, 2897.3, 1651, 8492, 10168, 10168, 10168, 0
