elapsed, window, n, min, mean, median, 95th, 99th, 99_9th, max, errors
1.216081, 1.216081, 30, 18234, 33846.4, 21586, 139603, 139716, 139716, 139716, 0
