elapsed, window, n, min, mean, median, 95th, 99th, 99_9th, max, errors
1.216081, 1.216081, 17, 1132, 5261.7, 4673, 10903, 11018, 11018, 11018, 0
