elapsed, window, n, min, mean, median, 95th, 99th, 99_9th, max, errors
1.216081, 1.216081, 22, 18108, 27061.8, 23470, 36347, 67367, 67367, 67367, 0
