elapsed, window, n, min, mean, median, 95th, 99th, 99_9th, max, errors
0.902586, 0.902586, 9, 1045, 18409.9, 14488, 66066, 66066, 66066, 66066, 0
