elapsed, window, n, min, mean, median, 95th, 99th, 99_9th, max, errors
0.902586, 0.902586, 11, 17108, 56495.6, 47700, 109308, 109975, 109975, 109975, 0
