elapsed, window, n, min, mean, median, 95th, 99th, 99_9th, max, errors
0.902586, 0.902586, 7, 20257, 53053.9, 57188, 79137, 79137, 79137, 79137, 0
