elapsed, window, n, min, mean, median, 95th, 99th, 99_9th, max, errors
1.129398, 1.129398, 14, 1001, 2071.1, 1580, 4048, 4890, 4890, 4890, 0
