elapsed, window, n, min, mean, median, 95th, 99th, 99_9th, max, errors
1.129398, 1.129398, 32, 5676, 24959.6, 20628, 34411, 76105, 76105, 76105, 0
