elapsed, window, n, min, mean, median, 95th, 99th, 99_9th, max, errors
1.129398, 1.129398, 14, 1815, 5570.5, 3461, 11324, 12319, 12319, 12319, 0
