elapsed, window, n, min, mean, median, 95th, 99th, 99_9th, max, errors
1.129398, 1.129398, 25, 16560, 30916.1, 21652, 59688, 88471, 88471, 88471, 0
