elapsed, window, n, min, mean, median, 95th, 99th, 99_9th, max, errors
3.654499, 3.654499, 1599, 1070, 2487.3, 1704, 6139, 17497, 41011, 48648, 5
