elapsed, window, n, min, mean, median, 95th, 99th, 99_9th, max, errors
3.654499, 3.654499, 1645, 856, 1808.7, 1471, 2715, 7089, 17159, 23367, 0
