elapsed, window, n, min, mean, median, 95th, 99th, 99_9th, max, errors
0.250647, 0.250647, 10, 1627, 15953.0, 7248, 58147, 58147, 58147, 58147, 0
