elapsed, window, n, min, mean, median, 95th, 99th, 99_9th, max, errors
2.751539, 2.751539, 1492, 939, 1796.4, 1581, 2592, 2970, 9077, 11182, 6
