elapsed, window, n, min, mean, median, 95th, 99th, 99_9th, max, errors
2.751539, 2.751539, 1552, 856, 1599.0, 1399, 2402, 2690, 4097, 9238, 0
