elapsed, window, n, min, mean, median, 95th, 99th, 99_9th, max, errors
10.001095, 10.001095, 4279, 793, 1224.4, 1171, 1524, 2396, 6206, 31969, 0
20.001128, 10.000033, 4176, 833, 1236.1, 1212, 1498, 1815, 3340, 5367, 0
30.001085, 9.999957, 4183, 841, 1244.0, 1221, 1506, 1839, 3123, 4138, 0
40.001091, 10.000006, 4149, 853, 1277.4, 1233, 1551, 2431, 4940, 29665, 0
50.00109, 9.999999, 4071, 873, 1262.5, 1226, 1534, 2308, 4305, 6554, 0
60.00108, 9.99999, 4033, 838, 1262.0, 1232, 1547, 1976, 3341, 5098, 0
61.00915, 1.00807, 394, 838, 1262.6, 1233, 1551, 1940, 3176, 5098, 0
