elapsed, window, n, min, mean, median, 95th, 99th, 99_9th, max, errors
10.001095, 10.001095, 4169, 709, 1100.0, 1048, 1367, 2096, 5743, 23809, 0
20.001128, 10.000033, 4195, 747, 1108.0, 1084, 1353, 1634, 3283, 4770, 0
30.001085, 9.999957, 4080, 752, 1125.0, 1097, 1384, 1735, 3202, 9588, 0
40.001091, 10.000006, 3946, 790, 1143.0, 1113, 1395, 2031, 3426, 3938, 0
50.00109, 9.999999, 4090, 778, 1143.3, 1104, 1397, 2040, 4583, 8703, 0
60.00108, 9.99999, 4140, 782, 1137.6, 1115, 1394, 1683, 3519, 5522, 0
61.00915, 1.00807, 433, 782, 1137.3, 1114, 1392, 1688, 3519, 5522, 0
