elapsed, window, total, successful, failed
10.001095, 10.001095, 8448, 8448, 0
20.001128, 10.000033, 8371, 8371, 0
30.001085, 9.999957, 8263, 8263, 0
40.001091, 10.000006, 8095, 8095, 0
50.00109, 9.999999, 8161, 8161, 0
60.00108, 9.99999, 8173, 8173, 0
61.00915, 1.00807, 827, 827, 0
