elapsed, window, n, min, mean, median, 95th, 99th, 99_9th, max, errors
10.00107, 10.00107, 4331, 791, 1164.8, 1141, 1454, 1797, 2700, 4647, 0
15.376694, 5.375624, 2188, 837, 1238.1, 1206, 1570, 2015, 3089, 22541, 0
