elapsed, window, n, min, mean, median, 95th, 99th, 99_9th, max, errors
10.00107, 10.00107, 4405, 726, 1062.1, 1033, 1345, 1642, 2964, 7026, 0
15.376694, 5.375624, 2035, 754, 1117.2, 1088, 1438, 1762, 2964, 7026, 0
