elapsed, window, total, successful, failed
10.00107, 10.00107, 8736, 8736, 0
15.376694, 5.375624, 4223, 4223, 0
