elapsed, window, n, min, mean, median, 95th, 99th, 99_9th, max, errors
10.000191, 10.000191, 78, 25935, 109257.7, 94934, 203861, 256323, 287138, 287138, 0
20.001236, 10.001045, 92, 24944, 113392.2, 100136, 210687, 285790, 297523, 297523, 0
30.001166, 9.99993, 77, 25071, 121219.2, 116734, 200946, 259082, 261204, 261204, 0
40.001191, 10.000025, 70, 25790, 118704.6, 113481, 218857, 245472, 269644, 269644, 0
50.00176, 10.000569, 63, 44273, 143285.1, 136056, 225817, 305661, 342275, 342275, 0
60.001215, 9.999455, 73, 24471, 137566.4, 132120, 217907, 275507, 294800, 294800, 0
61.007872, 1.006657, 5, 24471, 136632.1, 132120, 217907, 275507, 294800, 294800, 0
