elapsed, window, n, min, mean, median, 95th, 99th, 99_9th, max, errors
10.000191, 10.000191, 95, 33810, 107408.5, 97317, 216536, 259708, 259858, 259858, 0
20.001236, 10.001045, 67, 26304, 111395.7, 107213, 193721, 233045, 240982, 240982, 0
30.001166, 9.99993, 79, 20325, 119785.4, 109797, 225873, 277100, 280497, 280497, 0
40.001191, 10.000025, 70, 34778, 118721.4, 108833, 207600, 271334, 293954, 293954, 0
50.00176, 10.000569, 77, 42160, 141539.6, 136261, 234399, 303021, 323472, 323472, 0
60.001215, 9.999455, 54, 35513, 147641.6, 139703, 245975, 296761, 305124, 305124, 0
61.007872, 1.006657, 7, 35513, 149499.3, 141014, 245975, 296761, 305124, 305124, 0
