elapsed, window, total, successful, failed
10.000191, 10.000191, 173, 173, 0
20.001236, 10.001045, 159, 159, 0
30.001166, 9.99993, 156, 156, 0
40.001191, 10.000025, 140, 140, 0
50.00176, 10.000569, 140, 140, 0
60.001215, 9.999455, 127, 127, 0
61.007872, 1.006657, 12, 12, 0
